,mtknr,avg
0,1,31.0
1,2,19.0
2,7,20.0
3,8,15.0
4,12,10.0
5,15,24.0
6,18,32.0
7,19,30.0
8,21,28.0
9,22,30.0
10,23,25.0
11,26,26.0
12,31,30.0
13,36,34.0
14,40,38.0
15,41,15.0
16,43,30.0
17,46,29.0
18,47,41.0
19,49,25.0
20,52,34.0
21,57,33.0
22,59,16.0
23,63,29.0
24,64,36.0
25,66,35.0
26,68,27.0
27,74,41.0
28,76,42.0
29,77,50.0
30,78,18.0
31,80,28.0
32,87,28.0
33,89,27.0
34,91,19.0
35,97,28.0
36,102,30.0
37,107,42.0
38,108,44.0
39,113,26.0
40,121,28.0
41,122,29.0
42,125,36.0
43,129,36.0
44,132,32.0
45,134,19.0
46,135,21.0
47,145,18.0
48,147,39.0
49,161,30.0
50,177,30.0
51,179,15.0
52,188,24.0
53,197,18.0
54,201,36.0
55,210,14.0
56,211,48.0
57,212,28.0
58,213,15.0
59,214,19.0
60,217,28.0
61,225,19.0
62,226,18.0
63,237,22.0
64,238,15.0
65,242,17.0
66,254,27.0
67,256,23.0
68,259,28.0
69,265,36.0
70,274,21.0
71,281,20.0
72,283,20.0
73,284,44.0
74,291,45.0
75,297,29.0
76,305,20.0
77,306,41.0
78,307,23.0
79,309,35.0
80,312,20.0
81,314,20.0
82,315,22.0
83,318,20.0
84,319,28.0
85,321,41.0
86,324,27.0
87,330,24.0
88,334,38.0
89,336,22.0
90,337,27.0
91,344,37.0
92,349,27.0
93,357,43.0
94,359,28.0
95,360,38.0
96,365,26.0
97,378,27.0
98,379,35.0
99,381,26.0
100,382,22.0
101,385,22.0
102,386,27.0
103,387,22.0
104,389,18.0
105,410,28.0
106,416,23.0
107,427,38.0
108,431,40.0
109,432,20.0
110,442,25.0
111,443,26.0
112,449,19.0
113,455,43.0
114,464,29.0
115,465,23.0
116,467,27.0
117,472,45.0
118,476,27.0
119,480,31.0
120,481,24.0
121,488,50.0
122,492,20.0
123,499,29.0
124,501,37.0
125,508,24.0
126,509,31.0
127,519,22.0
128,524,40.0
129,527,29.0
130,529,28.0
131,532,27.0
132,535,12.0
133,540,27.0
134,542,22.0
135,549,16.0
136,554,34.0
137,556,32.0
138,557,19.0
139,559,15.0
140,561,19.0
141,571,25.0
142,578,27.0
143,580,20.0
144,582,43.0
145,585,18.0
146,602,15.0
147,610,
148,611,26.0
149,613,33.0
150,627,17.0
151,628,24.0
152,631,25.0
153,635,33.0
154,637,28.0
155,638,36.0
156,648,43.0
157,651,29.0
158,661,20.0
159,663,13.0
160,668,39.0
161,673,23.0
162,677,27.0
163,679,50.0
164,680,35.0
165,682,32.0
166,683,26.0
167,687,30.0
168,699,25.0
169,703,30.0
170,704,49.0
171,706,22.0
172,707,19.0
173,709,20.0
174,710,30.0
175,711,45.0
176,717,14.0
177,723,23.0
178,736,34.0
179,737,26.0
180,739,37.0
181,740,19.0
182,743,17.0
183,745,21.0
184,747,
185,748,23.0
186,749,38.0
187,755,23.0
188,757,18.0
189,766,30.0
190,769,17.0
191,770,20.0
192,772,20.0
193,774,40.0
194,780,33.0
195,782,38.0
196,785,14.0
197,786,38.0
198,789,32.0
199,792,42.0
200,795,24.0
201,809,32.0
202,811,32.0
203,812,21.0
204,815,29.0
205,818,27.0
206,819,33.0
207,820,18.0
208,822,23.0
209,823,30.0
210,824,21.0
211,826,23.0
212,828,34.0
213,829,24.0
214,831,25.0
215,841,19.0
216,845,28.0
217,854,19.0
218,867,25.0
219,870,36.0
220,874,35.0
221,876,26.0
222,879,31.0
223,882,27.0
224,885,36.0
225,888,35.0
226,901,33.0
227,919,28.0
228,921,27.0
229,922,21.0
230,930,41.0
231,932,32.0
232,946,27.0
233,952,26.0
234,957,11.0
235,958,20.0
236,959,14.0
237,960,21.0
238,961,37.0
239,962,36.0
240,964,42.0
241,965,34.0
242,972,36.0
243,973,44.0
244,975,19.0
245,977,32.0
246,986,26.0
247,988,21.0
248,990,15.0
249,992,19.0
250,995,18.0
251,997,33.0
252,999,33.0
253,1005,50.0
254,1010,37.0
255,1014,27.0
256,1021,50.0
257,1022,36.0
258,1023,23.0
259,1024,20.0
260,1033,19.0
261,1040,27.0
262,1051,48.0
263,1057,40.0
264,1062,50.0
265,1063,28.0
266,1064,40.0
267,1065,22.0
268,1067,35.0
269,1068,46.0
270,1074,41.0
271,1075,35.0
272,1077,30.0
273,1081,27.0
274,1082,40.0
275,1084,29.0
276,1089,16.0
277,1092,20.0
278,1095,32.0
279,1101,27.0
280,1107,33.0
281,1110,22.0
282,1114,16.0
283,1130,24.0
284,1134,19.0
285,1138,44.0
286,1142,38.0
287,1147,20.0
288,1148,28.0
289,1149,30.0
290,1151,33.0
291,1153,33.0
292,1160,23.0
293,1161,32.0
294,1162,14.0
295,1163,33.0
296,1172,42.0
297,1177,21.0
298,1178,35.0
299,1180,18.0
300,1183,35.0
301,1186,42.0
302,1189,27.0
303,1193,21.0
304,1199,42.0
305,1201,17.0
306,1202,34.0
307,1203,31.0
308,1209,24.0
309,1213,25.0
310,1215,20.0
311,1223,13.0
312,1226,33.0
313,1235,33.0
314,1252,14.0
315,1258,28.0
316,1262,29.0
317,1264,19.0
318,1265,31.0
319,1270,33.0
320,1273,23.0
321,1274,44.0
322,1282,26.0
323,1285,24.0
324,1288,33.0
325,1290,22.0
326,1293,22.0
327,1294,34.0
328,1312,18.0
329,1314,37.0
330,1315,32.0
331,1317,45.0
332,1318,28.0
333,1319,34.0
334,1329,15.0
335,1334,24.0
336,1337,38.0
337,1338,32.0
338,1342,26.0
339,1346,24.0
340,1349,29.0
341,1354,20.0
342,1356,50.0
343,1359,22.0
344,1360,
345,1371,38.0
346,1374,32.0
347,1377,22.0
348,1387,42.0
349,1392,32.0
350,1399,28.0
351,1400,36.0
352,1402,21.0
353,1407,19.0
354,1408,26.0
355,1410,36.0
356,1411,22.0
357,1412,24.0
358,1414,12.0
359,1416,14.0
360,1426,23.0
361,1429,44.0
362,1430,24.0
363,1436,24.0
364,1441,22.0
365,1447,20.0
366,1448,19.0
367,1450,19.0
368,1451,33.0
369,1456,27.0
370,1458,42.0
371,1462,35.0
372,1468,29.0
373,1475,36.0
374,1476,27.0
375,1480,17.0
376,1485,21.0
377,1487,28.0
378,1488,43.0
379,1496,21.0
380,1498,39.0
381,1502,23.0
382,1510,32.0
383,1511,29.0
384,1512,18.0
385,1518,27.0
386,1525,22.0
387,1527,17.0
388,1542,17.0
389,1551,24.0
390,1552,21.0
391,1556,39.0
392,1560,24.0
393,1561,44.0
394,1566,30.0
395,1567,24.0
396,1568,40.0
397,1572,29.0
398,1573,38.0
399,1575,35.0
400,1586,26.0
401,1587,28.0
402,1589,33.0
403,1592,41.0
404,1593,19.0
405,1597,31.0
406,1599,14.0
407,1609,34.0
408,1610,23.0
409,1612,25.0
410,1621,34.0
411,1629,40.0
412,1636,16.0
413,1642,23.0
414,1644,31.0
415,1649,29.0
416,1657,37.0
417,1658,30.0
418,1660,31.0
419,1662,34.0
420,1665,32.0
421,1667,22.0
422,1675,19.0
423,1687,17.0
424,1688,15.0
425,1690,32.0
426,1695,34.0
427,1699,36.0
428,1705,21.0
429,1711,33.0
430,1721,20.0
431,1722,28.0
432,1723,28.0
433,1727,27.0
434,1737,26.0
435,1740,26.0
436,1743,29.0
437,1744,36.0
438,1754,
439,1755,34.0
440,1757,43.0
441,1758,37.0
442,1764,31.0
443,1767,37.0
444,1774,43.0
445,1778,16.0
446,1782,17.0
447,1785,33.0
448,1790,18.0
449,1793,23.0
450,1798,31.0
451,1801,22.0
452,1802,30.0
453,1805,24.0
454,1807,38.0
455,1809,32.0
456,1813,23.0
457,1814,40.0
458,1816,41.0
459,1822,10.0
460,1827,27.0
461,1829,29.0
462,1832,27.0
463,1835,35.0
464,1840,30.0
465,1852,36.0
466,1854,23.0
467,1861,28.0
468,1863,42.0
469,1871,24.0
470,1882,32.0
471,1883,27.0
472,1885,24.0
473,1887,27.0
474,1891,30.0
475,1896,30.0
476,1900,35.0
477,1910,30.0
478,1912,15.0
479,1919,27.0
480,1924,50.0
481,1926,32.0
482,1928,26.0
483,1930,21.0
484,1934,18.0
485,1955,36.0
486,1961,50.0
487,1963,24.0
488,1968,30.0
489,1970,23.0
490,1972,27.0
491,1974,24.0
492,1978,22.0
493,1980,34.0
494,1982,40.0
495,1991,28.0
496,1992,43.0
497,1996,23.0
498,2000,
499,2007,27.0
500,2010,21.0
501,2015,20.0
502,2017,24.0
503,2020,24.0
504,2026,16.0
505,2032,25.0
506,2033,30.0
507,2040,19.0
508,2041,34.0
509,2044,35.0
510,2048,26.0
511,2050,32.0
512,2051,39.0
513,2052,27.0
514,2065,20.0
515,2071,31.0
516,2074,32.0
517,2077,30.0
518,2078,27.0
519,2082,30.0
520,2084,21.0
521,2087,34.0
522,2088,21.0
523,2097,32.0
524,2102,26.0
525,2103,15.0
526,2105,45.0
527,2107,21.0
528,2108,19.0
529,2112,14.0
530,2121,22.0
531,2125,30.0
532,2135,35.0
533,2137,37.0
534,2138,46.0
535,2147,29.0
536,2148,25.0
537,2150,18.0
538,2158,35.0
539,2159,50.0
540,2162,31.0
541,2163,28.0
542,2164,29.0
543,2165,30.0
544,2167,15.0
545,2174,23.0
546,2175,27.0
547,2178,18.0
548,2181,13.0
549,2187,30.0
550,2191,30.0
551,2195,25.0
552,2198,32.0
553,2199,27.0
554,2207,30.0
555,2217,15.0
556,2218,34.0
557,2220,37.0
558,2227,33.0
559,2230,27.0
560,2237,42.0
561,2240,20.0
562,2241,30.0
563,2251,23.0
564,2257,23.0
565,2261,35.0
566,2263,25.0
567,2264,17.0
568,2267,36.0
569,2274,18.0
570,2275,29.0
571,2276,34.0
572,2281,21.0
573,2283,40.0
574,2286,18.0
575,2293,49.0
576,2297,22.0
577,2300,22.0
578,2303,26.0
579,2305,32.0
580,2310,30.0
581,2315,38.0
582,2326,40.0
583,2327,25.0
584,2328,20.0
585,2335,22.0
586,2341,23.0
587,2346,42.0
588,2348,50.0
589,2353,22.0
590,2360,21.0
591,2362,25.0
592,2364,18.0
593,2367,34.0
594,2370,25.0
595,2376,27.0
596,2377,42.0
597,2381,30.0
598,2382,15.0
599,2383,21.0
600,2384,40.0
601,2385,15.0
602,2392,20.0
603,2393,21.0
604,2396,16.0
605,2402,19.0
606,2415,50.0
607,2420,16.0
608,2421,31.0
609,2424,18.0
610,2426,33.0
611,2434,22.0
612,2435,35.0
613,2437,23.0
614,2442,15.0
615,2443,27.0
616,2445,36.0
617,2454,23.0
618,2458,15.0
619,2460,19.0
620,2479,21.0
621,2484,26.0
622,2487,31.0
623,2488,20.0
624,2490,22.0
625,2495,12.0
626,2496,28.0
627,2502,26.0
628,2513,19.0
629,2523,31.0
630,2525,25.0
631,2531,
632,2541,33.0
633,2542,29.0
634,2551,12.0
635,2552,22.0
636,2563,41.0
637,2565,21.0
638,2567,20.0
639,2581,28.0
640,2583,15.0
641,2590,15.0
642,2591,22.0
643,2597,15.0
644,2603,30.0
645,2604,22.0
646,2608,25.0
647,2610,41.0
648,2624,22.0
649,2628,30.0
650,2632,23.0
651,2634,37.0
652,2640,21.0
653,2647,36.0
654,2650,27.0
655,2651,22.0
656,2652,41.0
657,2660,20.0
658,2661,31.0
659,2674,28.0
660,2676,24.0
661,2678,28.0
662,2687,15.0
663,2688,26.0
664,2694,27.0
665,2695,25.0
666,2697,26.0
667,2699,20.0
668,2700,30.0
669,2701,26.0
670,2703,50.0
671,2707,34.0
672,2708,38.0
673,2711,19.0
674,2712,40.0
675,2723,38.0
676,2728,28.0
677,2735,19.0
678,2742,28.0
679,2756,27.0
680,2760,32.0
681,2768,20.0
682,2775,27.0
683,2786,47.0
684,2794,27.0
685,2814,50.0
686,2818,22.0
687,2824,17.0
688,2827,21.0
689,2833,22.0
690,2834,44.0
691,2841,33.0
692,2847,16.0
693,2850,18.0
694,2851,20.0
695,2856,27.0
696,2857,25.0
697,2863,
698,2867,27.0
699,2877,39.0
700,2878,46.0
701,2881,33.0
702,2884,24.0
703,2894,37.0
704,2896,50.0
705,2900,37.0
706,2901,50.0
707,2903,32.0
708,2905,33.0
709,2907,30.0
710,2912,27.0
711,2916,47.0
712,2925,28.0
713,2927,30.0
714,2932,43.0
715,2946,42.0
716,2955,33.0
717,2957,26.0
718,2969,50.0
719,2986,19.0
720,2991,27.0
721,2998,31.0
722,3002,29.0
723,3006,28.0
724,3009,41.0
725,3014,29.0
726,3019,27.0
727,3020,35.0
728,3022,29.0
729,3025,37.0
730,3030,30.0
731,3035,20.0
732,3040,27.0
733,3041,30.0
734,3054,28.0
735,3065,41.0
736,3069,36.0
737,3073,35.0
738,3074,16.0
739,3076,17.0
740,3081,23.0
741,3086,36.0
742,3092,19.0
743,3095,33.0
744,3097,24.0
745,3100,36.0
746,3104,31.0
747,3112,22.0
748,3118,40.0
749,3121,47.0
750,3122,30.0
751,3126,20.0
752,3128,31.0
753,3130,50.0
754,3131,37.0
755,3133,18.0
756,3141,40.0
757,3144,26.0
758,3145,32.0
759,3149,29.0
760,3160,50.0
761,3161,50.0
762,3162,49.0
763,3179,25.0
764,3184,24.0
765,3190,26.0
766,3194,28.0
767,3200,36.0
768,3201,18.0
769,3210,44.0
770,3214,19.0
771,3230,15.0
772,3236,31.0
773,3239,29.0
774,3250,34.0
775,3252,21.0
776,3266,36.0
777,3269,28.0
778,3271,50.0
779,3273,25.0
780,3276,28.0
781,3280,27.0
782,3283,40.0
783,3285,17.0
784,3288,41.0
785,3290,10.0
786,3298,15.0
787,3306,28.0
788,3307,29.0
789,3312,14.0
790,3313,42.0
791,3318,31.0
792,3321,19.0
793,3326,28.0
794,3329,31.0
795,3331,18.0
796,3334,24.0
797,3339,30.0
798,3340,20.0
799,3341,15.0
800,3343,27.0
801,3357,32.0
802,3359,34.0
803,3368,50.0
804,3370,29.0
805,3373,29.0
806,3374,50.0
807,3382,36.0
808,3387,18.0
809,3389,27.0
810,3393,20.0
811,3394,22.0
812,3401,50.0
813,3402,42.0
814,3406,37.0
815,3413,26.0
816,3414,23.0
817,3423,33.0
818,3433,50.0
819,3434,22.0
820,3437,29.0
821,3445,16.0
822,3446,20.0
823,3447,17.0
824,3448,20.0
825,3449,26.0
826,3450,29.0
827,3451,35.0
828,3452,48.0
829,3462,40.0
830,3463,41.0
831,3465,17.0
832,3466,25.0
833,3469,18.0
834,3474,12.0
835,3480,20.0
836,3483,19.0
837,3491,19.0
838,3501,22.0
839,3502,30.0
840,3515,23.0
841,3526,32.0
842,3527,31.0
843,3537,25.0
844,3546,29.0
845,3550,15.0
846,3551,33.0
847,3555,50.0
848,3559,27.0
849,3560,33.0
850,3565,29.0
851,3575,21.0
852,3580,26.0
853,3582,18.0
854,3584,43.0
855,3585,16.0
856,3592,36.0
857,3593,12.0
858,3596,25.0
859,3604,21.0
860,3620,15.0
861,3638,30.0
862,3645,32.0
863,3646,38.0
864,3653,14.0
865,3655,46.0
866,3659,22.0
867,3667,20.0
868,3670,33.0
869,3671,18.0
870,3674,34.0
871,3681,20.0
872,3687,21.0
873,3695,27.0
874,3704,35.0
875,3706,21.0
876,3710,26.0
877,3711,27.0
878,3720,44.0
879,3721,23.0
880,3731,44.0
881,3735,13.0
882,3737,41.0
883,3740,27.0
884,3742,23.0
885,3752,32.0
886,3756,40.0
887,3758,42.0
888,3759,26.0
889,3765,23.0
890,3772,25.0
891,3778,32.0
892,3784,25.0
893,3793,21.0
894,3795,31.0
895,3797,36.0
896,3799,21.0
897,3805,34.0
898,3806,17.0
899,3808,19.0
900,3816,20.0
901,3833,28.0
902,3834,43.0
903,3835,24.0
904,3836,42.0
905,3841,27.0
906,3846,19.0
907,3854,34.0
908,3863,22.0
909,3865,21.0
910,3871,24.0
911,3873,34.0
912,3874,25.0
913,3875,21.0
914,3884,22.0
915,3891,24.0
916,3894,22.0
917,3899,26.0
918,3908,40.0
919,3917,17.0
920,3925,22.0
921,3929,18.0
922,3932,35.0
923,3933,25.0
924,3936,19.0
925,3939,19.0
926,3940,16.0
927,3942,33.0
928,3944,18.0
929,3945,40.0
930,3952,19.0
931,3953,16.0
932,3955,23.0
933,3963,50.0
934,3968,30.0
935,3969,36.0
936,3973,43.0
937,3976,25.0
938,3985,25.0
939,3986,29.0
940,3992,26.0
941,4003,43.0
942,4009,13.0
943,4015,32.0
944,4018,23.0
945,4024,32.0
946,4039,27.0
947,4050,29.0
948,4054,32.0
949,4064,24.0
950,4079,28.0
951,4087,15.0
952,4092,30.0
953,4094,38.0
954,4097,19.0
955,4108,19.0
956,4111,22.0
957,4113,42.0
958,4117,41.0
959,4122,41.0
960,4125,34.0
961,4130,18.0
962,4134,36.0
963,4140,32.0
964,4145,26.0
965,4147,27.0
966,4148,50.0
967,4150,35.0
968,4152,20.0
969,4154,40.0
970,4155,37.0
971,4164,19.0
972,4170,30.0
973,4174,31.0
974,4177,39.0
975,4184,15.0
976,4191,26.0
977,4196,25.0
978,4200,30.0
979,4203,35.0
980,4204,30.0
981,4205,17.0
982,4206,43.0
983,4209,24.0
984,4210,24.0
985,4212,29.0
986,4213,42.0
987,4218,25.0
988,4226,29.0
989,4230,27.0
990,4238,38.0
991,4239,19.0
992,4241,40.0
993,4242,27.0
994,4260,24.0
995,4262,50.0
996,4281,26.0
997,4287,34.0
998,4288,17.0
999,4291,29.0
1000,4292,25.0
1001,4296,32.0
1002,4301,28.0
1003,4302,39.0
1004,4303,20.0
1005,4321,27.0
1006,4322,11.0
1007,4324,40.0
1008,4325,29.0
1009,4326,16.0
1010,4330,36.0
1011,4342,28.0
1012,4344,35.0
1013,4347,41.0
1014,4354,48.0
1015,4357,35.0
1016,4366,25.0
1017,4371,22.0
1018,4384,19.0
1019,4389,18.0
1020,4391,23.0
1021,4395,16.0
1022,4400,21.0
1023,4403,21.0
1024,4408,23.0
1025,4410,19.0
1026,4411,28.0
1027,4415,26.0
1028,4424,21.0
1029,4427,21.0
1030,4428,21.0
1031,4430,26.0
1032,4433,42.0
1033,4441,34.0
1034,4457,10.0
1035,4458,29.0
1036,4461,20.0
1037,4463,36.0
1038,4465,22.0
1039,4478,40.0
1040,4490,15.0
1041,4495,36.0
1042,4499,28.0
1043,4500,39.0
1044,4511,25.0
1045,4517,25.0
1046,4527,15.0
1047,4529,27.0
1048,4532,29.0
1049,4534,19.0
1050,4537,33.0
1051,4543,30.0
1052,4545,23.0
1053,4547,11.0
1054,4550,30.0
1055,4553,25.0
1056,4560,33.0
1057,4567,25.0
1058,4577,27.0
1059,4580,16.0
1060,4583,20.0
1061,4584,27.0
1062,4588,37.0
1063,4591,40.0
1064,4599,19.0
1065,4603,28.0
1066,4607,42.0
1067,4610,40.0
1068,4612,50.0
1069,4613,26.0
1070,4614,18.0
1071,4619,31.0
1072,4621,27.0
1073,4623,28.0
1074,4624,34.0
1075,4629,41.0
1076,4635,23.0
1077,4639,
1078,4643,50.0
1079,4644,14.0
1080,4645,50.0
1081,4647,17.0
1082,4650,13.0
1083,4651,29.0
1084,4655,26.0
1085,4657,38.0
1086,4661,18.0
1087,4669,25.0
1088,4670,24.0
1089,4674,18.0
1090,4679,22.0
1091,4680,20.0
1092,4690,43.0
1093,4694,41.0
1094,4705,40.0
1095,4706,41.0
1096,4707,29.0
1097,4708,24.0
1098,4714,17.0
1099,4731,31.0
1100,4737,37.0
1101,4739,30.0
1102,4741,50.0
1103,4744,28.0
1104,4747,22.0
1105,4750,25.0
1106,4766,12.0
1107,4767,50.0
1108,4775,21.0
1109,4780,18.0
1110,4783,50.0
1111,4784,33.0
1112,4796,44.0
1113,4799,26.0
1114,4803,35.0
1115,4806,24.0
1116,4809,25.0
1117,4811,32.0
1118,4816,33.0
1119,4818,19.0
1120,4821,50.0
1121,4824,30.0
1122,4832,30.0
1123,4838,21.0
1124,4847,38.0
1125,4853,17.0
1126,4859,21.0
1127,4862,24.0
1128,4863,40.0
1129,4865,42.0
1130,4868,13.0
1131,4871,31.0
1132,4872,20.0
1133,4884,24.0
1134,4886,39.0
1135,4893,22.0
1136,4895,10.0
1137,4900,26.0
1138,4906,25.0
1139,4907,28.0
1140,4917,43.0
1141,4938,34.0
1142,4942,32.0
1143,4943,34.0
1144,4944,46.0
1145,4948,25.0
1146,4958,17.0
1147,4971,26.0
1148,4972,22.0
1149,4987,33.0
1150,4990,28.0
1151,4994,26.0
1152,4995,23.0
1153,4998,17.0
1154,4999,45.0
1155,5008,40.0
1156,5017,31.0
1157,5019,32.0
1158,5027,28.0
1159,5029,19.0
1160,5037,50.0
1161,5057,23.0
1162,5065,25.0
1163,5069,28.0
1164,5072,16.0
1165,5073,15.0
1166,5075,27.0
1167,5082,36.0
1168,5083,19.0
1169,5084,16.0
1170,5094,19.0
1171,5100,38.0
1172,5101,14.0
1173,5107,24.0
1174,5115,23.0
1175,5116,36.0
1176,5122,30.0
1177,5125,20.0
1178,5131,24.0
1179,5134,34.0
1180,5137,32.0
1181,5138,33.0
1182,5148,30.0
1183,5151,33.0
1184,5158,43.0
1185,5167,36.0
1186,5178,33.0
1187,5179,46.0
1188,5182,
1189,5183,31.0
1190,5186,30.0
1191,5193,41.0
1192,5198,26.0
1193,5205,50.0
1194,5212,35.0
1195,5214,34.0
1196,5216,22.0
1197,5226,21.0
1198,5228,36.0
1199,5232,14.0
1200,5242,50.0
1201,5245,18.0
1202,5247,41.0
1203,5249,32.0
1204,5250,32.0
1205,5254,38.0
1206,5255,45.0
1207,5258,50.0
1208,5259,23.0
1209,5261,36.0
1210,5275,25.0
1211,5276,50.0
1212,5297,20.0
1213,5299,18.0
1214,5300,38.0
1215,5301,22.0
1216,5308,21.0
1217,5310,48.0
1218,5315,25.0
1219,5321,30.0
1220,5326,38.0
1221,5330,44.0
1222,5336,37.0
1223,5341,16.0
1224,5347,27.0
1225,5349,35.0
1226,5350,19.0
1227,5357,15.0
1228,5368,33.0
1229,5378,38.0
1230,5382,28.0
1231,5383,21.0
1232,5387,50.0
1233,5394,27.0
1234,5402,41.0
1235,5404,29.0
1236,5407,50.0
1237,5409,22.0
1238,5410,33.0
1239,5412,23.0
1240,5422,24.0
1241,5424,32.0
1242,5429,40.0
1243,5433,20.0
1244,5437,40.0
1245,5438,25.0
1246,5444,26.0
1247,5446,32.0
1248,5448,50.0
1249,5450,23.0
1250,5458,16.0
1251,5465,36.0
1252,5482,32.0
1253,5498,19.0
1254,5501,39.0
1255,5506,38.0
1256,5511,20.0
1257,5529,39.0
1258,5541,18.0
1259,5551,26.0
1260,5564,24.0
1261,5567,36.0
1262,5572,42.0
1263,5573,40.0
1264,5579,50.0
1265,5586,36.0
1266,5590,18.0
1267,5594,31.0
1268,5602,24.0
1269,5605,48.0
1270,5613,20.0
1271,5616,32.0
1272,5622,37.0
1273,5623,27.0
1274,5627,21.0
1275,5628,33.0
1276,5633,28.0
1277,5647,18.0
1278,5648,16.0
1279,5654,31.0
1280,5656,50.0
1281,5667,21.0
1282,5683,19.0
1283,5684,32.0
1284,5695,39.0
1285,5700,21.0
1286,5706,43.0
1287,5712,50.0
1288,5714,25.0
1289,5718,36.0
1290,5720,23.0
1291,5728,23.0
1292,5734,28.0
1293,5764,16.0
1294,5769,34.0
1295,5774,36.0
1296,5777,36.0
1297,5780,21.0
1298,5783,41.0
1299,5787,37.0
1300,5793,19.0
1301,5800,50.0
1302,5807,27.0
1303,5820,19.0
1304,5823,24.0
1305,5824,
1306,5838,25.0
1307,5852,47.0
1308,5856,31.0
1309,5859,33.0
1310,5867,34.0
1311,5868,40.0
1312,5871,39.0
1313,5872,42.0
1314,5878,22.0
1315,5888,42.0
1316,5891,25.0
1317,5897,32.0
1318,5908,24.0
1319,5914,28.0
1320,5915,31.0
1321,5925,48.0
1322,5931,28.0
1323,5933,15.0
1324,5940,20.0
1325,5955,50.0
1326,5961,34.0
1327,5964,16.0
1328,5965,28.0
1329,5968,30.0
1330,5973,20.0
1331,5976,38.0
1332,5977,20.0
1333,5978,27.0
1334,5979,50.0
1335,5982,24.0
1336,5989,29.0
1337,5994,27.0
1338,6006,10.0
1339,6013,22.0
1340,6018,29.0
1341,6021,42.0
1342,6059,37.0
1343,6075,48.0
1344,6076,50.0
1345,6077,47.0
1346,6104,50.0
1347,6129,37.0
1348,6145,42.0
1349,6154,32.0
1350,6155,23.0
1351,6165,18.0
1352,6171,23.0
1353,6173,39.0
1354,6174,40.0
1355,6175,45.0
1356,6177,44.0
1357,6195,33.0
1358,6201,50.0
1359,6213,35.0
1360,6216,50.0
1361,6221,35.0
1362,6222,18.0
1363,6231,50.0
1364,6233,24.0
1365,6267,33.0
1366,6277,39.0
1367,6280,40.0
1368,6290,35.0
1369,6294,45.0
1370,6298,17.0
1371,6303,37.0
1372,6307,25.0
1373,6321,20.0
1374,6329,36.0
1375,6345,32.0
1376,6360,14.0
1377,6365,34.0
1378,6366,36.0
1379,6369,44.0
1380,6375,11.0
1381,6399,44.0
1382,6402,19.0
1383,6405,50.0
1384,6413,33.0
1385,6414,41.0
1386,6419,39.0
1387,6427,32.0
1388,6429,19.0
1389,6430,
1390,6431,36.0
1391,6436,30.0
1392,6441,24.0
1393,6442,11.0
1394,6451,44.0
1395,6452,45.0
1396,6453,41.0
1397,6455,12.0
1398,6459,50.0
1399,6463,46.0
1400,6466,38.0
1401,6467,35.0
1402,6481,
1403,6482,35.0
1404,6487,43.0
1405,6490,50.0
1406,6491,47.0
1407,6502,
1408,6509,
1409,6511,21.0
1410,6521,24.0
1411,6530,41.0
1412,6539,31.0
1413,6540,28.0
1414,6550,45.0
1415,6555,27.0
1416,6571,34.0
1417,6575,44.0
1418,6579,50.0
1419,6586,12.0
1420,6592,50.0
1421,6596,32.0
1422,6612,16.0
1423,6613,36.0
1424,6615,50.0
1425,6631,33.0
1426,6632,37.0
1427,6647,44.0
1428,6656,21.0
1429,6669,22.0
1430,6679,33.0
1431,6682,35.0
1432,6685,44.0
1433,6702,50.0
1434,6709,50.0
1435,6712,25.0
1436,6725,14.0
1437,6748,50.0
1438,6751,44.0
1439,6754,30.0
1440,6759,19.0
1441,6771,17.0
1442,6775,39.0
1443,6796,26.0
1444,6803,25.0
1445,6805,49.0
1446,6812,50.0
1447,6829,
1448,6835,44.0
1449,6854,40.0
1450,6861,30.0
1451,6870,43.0
1452,6877,50.0
1453,6880,50.0
1454,6892,50.0
1455,6895,21.0
1456,6902,19.0
1457,6904,40.0
1458,6907,28.0
1459,6916,
1460,6923,50.0
1461,6932,46.0
1462,6933,36.0
1463,6939,12.0
1464,6942,
1465,6960,49.0
1466,6966,35.0
1467,6975,26.0
1468,6980,31.0
1469,6987,34.0
1470,6998,24.0
1471,7009,41.0
1472,7020,42.0
1473,7022,24.0
1474,7024,50.0
1475,7039,50.0
1476,7041,16.0
1477,7051,50.0
1478,7076,27.0
1479,7082,50.0
1480,7095,27.0
1481,7097,50.0
1482,7100,35.0
1483,7102,14.0
1484,7106,39.0
1485,7122,20.0
1486,7148,41.0
1487,7159,28.0
1488,7189,40.0
1489,7212,26.0
1490,7259,29.0
1491,7262,32.0
1492,7266,30.0
1493,7276,49.0
1494,7282,
1495,7283,48.0
1496,7284,
1497,7289,31.0
1498,7308,
1499,7310,50.0
1500,7315,43.0
1501,7327,45.0
1502,7332,16.0
1503,7339,25.0
1504,7345,
1505,7351,50.0
1506,7352,18.0
1507,7354,50.0
1508,7357,17.0
1509,7367,22.0
1510,7368,32.0
1511,7375,50.0
1512,7389,
1513,7397,50.0
1514,7406,50.0
1515,7407,31.0
1516,7415,50.0
1517,7419,20.0
1518,7427,25.0
1519,7434,50.0
1520,7435,50.0
1521,7459,50.0
1522,7467,26.0
1523,7473,50.0
1524,7480,50.0
1525,7483,21.0
1526,7502,50.0
1527,7519,50.0
1528,7520,18.0
1529,7524,50.0
1530,7526,
1531,7543,29.0
1532,7555,23.0
1533,7556,37.0
1534,7559,19.0
1535,7565,35.0
1536,7567,15.0
1537,7568,23.0
1538,7572,30.0
1539,7575,19.0
1540,7579,38.0
1541,7582,21.0
1542,7583,15.0
1543,7590,21.0
1544,7598,23.0
1545,7602,21.0
1546,7611,35.0
1547,7617,19.0
1548,7618,26.0
1549,7628,20.0
1550,7629,14.0
1551,7632,18.0
1552,7639,16.0
1553,7641,24.0
1554,7642,24.0
1555,7646,36.0
1556,7650,21.0
1557,7651,14.0
1558,7654,16.0
1559,7656,15.0
1560,7659,16.0
1561,7662,33.0
1562,7663,16.0
1563,7666,19.0
1564,7670,17.0
1565,7676,18.0
1566,7683,32.0
1567,7687,26.0
1568,7691,44.0
1569,7698,30.0
1570,7716,19.0
1571,7717,24.0
1572,7720,33.0
1573,7725,
1574,7727,41.0
1575,7730,13.0
1576,7732,18.0
1577,7733,29.0
1578,7743,15.0
1579,7745,31.0
1580,7752,33.0
1581,7761,17.0
1582,7772,19.0
1583,7775,18.0
1584,7777,22.0
1585,7784,38.0
1586,7793,22.0
1587,7797,33.0
1588,7807,24.0
1589,7810,24.0
1590,7820,29.0
1591,7822,20.0
1592,7829,18.0
1593,7839,36.0
1594,7840,17.0
1595,7842,20.0
1596,7844,31.0
1597,7847,24.0
1598,7849,16.0
1599,7851,21.0
1600,7854,16.0
1601,7857,17.0
1602,7859,50.0
1603,7862,15.0
1604,7863,10.0
1605,7868,16.0
1606,7881,29.0
1607,7887,37.0
1608,7893,23.0
1609,7901,23.0
1610,7902,27.0
1611,7911,18.0
1612,7920,17.0
1613,7927,24.0
1614,7934,18.0
1615,7935,20.0
1616,7939,24.0
1617,7943,15.0
1618,7944,32.0
1619,7952,16.0
1620,7953,17.0
1621,7954,32.0
1622,7962,22.0
1623,7964,18.0
1624,7966,25.0
1625,7970,29.0
1626,7974,38.0
1627,7975,17.0
1628,7991,17.0
1629,7992,22.0
1630,7995,28.0
1631,7996,18.0
1632,7999,35.0
1633,8002,33.0
1634,8006,37.0
1635,8014,21.0
1636,8024,30.0
1637,8028,14.0
1638,8035,15.0
1639,8039,24.0
1640,8042,28.0
1641,8044,28.0
1642,8045,23.0
1643,8046,
1644,8053,22.0
1645,8069,26.0
1646,8070,16.0
1647,8075,18.0
1648,8078,21.0
1649,8084,33.0
1650,8085,23.0
1651,8087,22.0
1652,8088,15.0
1653,8092,16.0
1654,8106,15.0
1655,8113,21.0
1656,8115,15.0
1657,8121,19.0
1658,8124,30.0
1659,8125,47.0
1660,8126,50.0
1661,8128,16.0
1662,8138,32.0
1663,8141,34.0
1664,8144,18.0
1665,8151,20.0
1666,8163,38.0
1667,8166,29.0
1668,8170,19.0
1669,8173,16.0
1670,8180,26.0
1671,8181,15.0
1672,8184,36.0
1673,8195,18.0
1674,8204,22.0
1675,8208,18.0
1676,8209,28.0
1677,8210,24.0
1678,8212,18.0
1679,8213,15.0
1680,8215,25.0
1681,8218,22.0
1682,8219,15.0
1683,8226,24.0
1684,8232,14.0
1685,8239,20.0
1686,8245,17.0
1687,8249,21.0
1688,8257,25.0
1689,8259,15.0
1690,8264,24.0
1691,8269,16.0
1692,8270,42.0
1693,8271,30.0
1694,8274,25.0
1695,8276,12.0
1696,8277,26.0
1697,8278,14.0
1698,8293,27.0
1699,8294,36.0
1700,8296,18.0
1701,8302,28.0
1702,8306,14.0
1703,8309,18.0
1704,8317,20.0
1705,8325,19.0
1706,8326,29.0
1707,8328,18.0
1708,8329,33.0
1709,8332,37.0
1710,8333,21.0
1711,8336,14.0
1712,8338,28.0
1713,8339,18.0
1714,8347,21.0
1715,8348,21.0
1716,8352,32.0
1717,8356,38.0
1718,8362,20.0
1719,8371,21.0
1720,8378,15.0
1721,8406,24.0
1722,8408,29.0
1723,8412,17.0
1724,8416,15.0
1725,8424,23.0
1726,8426,30.0
1727,8427,18.0
1728,8437,29.0
1729,8441,21.0
1730,8447,30.0
1731,8450,17.0
1732,8460,44.0
1733,8467,23.0
1734,8469,16.0
1735,8472,14.0
1736,8473,20.0
1737,8476,29.0
1738,8481,22.0
1739,8482,11.0
1740,8487,19.0
1741,8500,20.0
1742,8504,19.0
1743,8505,24.0
1744,8513,18.0
1745,8518,40.0
1746,8523,21.0
1747,8531,35.0
1748,8535,14.0
1749,8538,28.0
1750,8540,21.0
1751,8549,19.0
1752,8552,13.0
1753,8556,
1754,8559,40.0
1755,8562,28.0
1756,8564,29.0
1757,8568,24.0
1758,8572,20.0
1759,8574,41.0
1760,8577,21.0
1761,8581,29.0
1762,8592,16.0
1763,8597,20.0
1764,8604,24.0
1765,8605,20.0
1766,8609,21.0
1767,8618,23.0
1768,8619,32.0
1769,8620,23.0
1770,8622,22.0
1771,8630,23.0
1772,8638,15.0
1773,8639,20.0
1774,8658,17.0
1775,8667,29.0
1776,8671,23.0
1777,8673,20.0
1778,8675,24.0
1779,8680,13.0
1780,8683,42.0
1781,8692,22.0
1782,8704,17.0
1783,8725,31.0
1784,8726,32.0
1785,8728,15.0
1786,8741,31.0
1787,8744,27.0
1788,8745,31.0
1789,8749,37.0
1790,8752,22.0
1791,8760,17.0
1792,8761,34.0
1793,8763,22.0
1794,8765,18.0
1795,8767,13.0
1796,8774,19.0
1797,8783,27.0
1798,8785,15.0
1799,8786,27.0
1800,8788,27.0
1801,8789,12.0
1802,8795,22.0
1803,8797,14.0
1804,8799,19.0
1805,8805,14.0
1806,8807,17.0
1807,8815,14.0
1808,8822,45.0
1809,8829,15.0
1810,8831,14.0
1811,8843,28.0
1812,8850,21.0
1813,8855,13.0
1814,8858,21.0
1815,8860,15.0
1816,8861,14.0
1817,8863,16.0
1818,8865,17.0
1819,8867,
1820,8868,17.0
1821,8871,18.0
1822,8875,35.0
1823,8886,30.0
1824,8889,17.0
1825,8894,19.0
1826,8895,23.0
1827,8904,18.0
1828,8905,13.0
1829,8908,24.0
1830,8909,28.0
1831,8913,24.0
1832,8923,50.0
1833,8925,18.0
1834,8932,
1835,8934,14.0
1836,8935,14.0
1837,8938,24.0
1838,8940,
1839,8943,28.0
1840,8945,22.0
1841,8948,17.0
1842,8951,27.0
1843,8958,29.0
1844,8968,25.0
1845,8970,19.0
1846,8979,15.0
1847,8983,22.0
1848,8985,17.0
1849,8992,25.0
1850,8995,28.0
1851,9007,13.0
1852,9022,13.0
1853,9023,22.0
1854,9024,17.0
1855,9026,28.0
1856,9027,29.0
1857,9033,31.0
1858,9046,33.0
1859,9049,30.0
1860,9055,31.0
1861,9060,17.0
1862,9061,13.0
1863,9062,26.0
1864,9065,24.0
1865,9078,23.0
1866,9083,27.0
1867,9093,25.0
1868,9120,25.0
1869,9132,44.0
1870,9135,17.0
1871,9138,27.0
1872,9144,13.0
1873,9147,17.0
1874,9148,25.0
1875,9157,23.0
1876,9165,50.0
1877,9166,10.0
1878,9173,49.0
1879,9176,15.0
1880,9178,27.0
1881,9181,25.0
1882,9186,20.0
1883,9190,13.0
1884,9192,24.0
1885,9204,26.0
1886,9212,27.0
1887,9215,50.0
1888,9218,13.0
1889,9219,14.0
1890,9221,20.0
1891,9228,32.0
1892,9229,27.0
1893,9230,31.0
1894,9232,21.0
1895,9233,22.0
1896,9240,23.0
1897,9242,21.0
1898,9246,15.0
1899,9248,16.0
1900,9253,24.0
1901,9254,18.0
1902,9259,28.0
1903,9262,14.0
1904,9266,18.0
1905,9267,15.0
1906,9272,31.0
1907,9274,26.0
1908,9276,26.0
1909,9283,26.0
1910,9291,19.0
1911,9292,28.0
1912,9299,42.0
1913,9304,38.0
1914,9316,21.0
1915,9325,20.0
1916,9327,23.0
1917,9328,19.0
1918,9331,21.0
1919,9332,16.0
1920,9333,50.0
1921,9334,30.0
1922,9338,18.0
1923,9339,21.0
1924,9348,19.0
1925,9352,16.0
1926,9359,28.0
1927,9371,32.0
1928,9392,50.0
1929,9393,50.0
1930,9394,26.0
1931,9397,15.0
1932,9401,22.0
1933,9403,26.0
1934,9404,37.0
1935,9413,16.0
1936,9419,18.0
1937,9428,12.0
1938,9429,28.0
1939,9443,22.0
1940,9444,17.0
1941,9455,31.0
1942,9456,38.0
1943,9469,17.0
1944,9470,39.0
1945,9471,21.0
1946,9476,20.0
1947,9477,17.0
1948,9488,30.0
1949,9489,25.0
1950,9490,20.0
1951,9497,38.0
1952,9514,29.0
1953,9518,28.0
1954,9523,14.0
1955,9527,22.0
1956,9528,35.0
1957,9532,27.0
1958,9538,32.0
1959,9539,22.0
1960,9540,18.0
1961,9541,37.0
1962,9543,19.0
1963,9544,16.0
1964,9552,28.0
1965,9554,23.0
1966,9557,50.0
1967,9560,19.0
1968,9561,18.0
1969,9566,10.0
1970,9573,18.0
1971,9574,16.0
1972,9575,29.0
1973,9577,22.0
1974,9581,25.0
1975,9595,18.0
1976,9597,20.0
1977,9604,16.0
1978,9611,23.0
1979,9613,29.0
1980,9617,16.0
1981,9620,21.0
1982,9628,50.0
1983,9631,12.0
1984,9642,21.0
1985,9648,23.0
1986,9658,26.0
1987,9663,19.0
1988,9678,26.0
1989,9682,37.0
1990,9683,18.0
1991,9685,34.0
1992,9693,21.0
1993,9701,44.0
1994,9703,22.0
1995,9709,24.0
1996,9719,36.0
1997,9720,15.0
1998,9722,29.0
1999,9728,20.0
2000,9734,20.0
2001,9756,35.0
2002,9757,18.0
2003,9762,16.0
2004,9774,13.0
2005,9777,37.0
2006,9787,23.0
2007,9792,18.0
2008,9794,22.0
2009,9795,21.0
2010,9799,21.0
2011,9800,26.0
2012,9805,20.0
2013,9808,22.0
2014,9812,20.0
2015,9814,23.0
2016,9817,26.0
2017,9823,22.0
2018,9834,
2019,9836,17.0
2020,9837,24.0
2021,9847,22.0
2022,9853,26.0
2023,9859,18.0
2024,9861,25.0
2025,9865,24.0
2026,9882,16.0
2027,9883,18.0
2028,9884,13.0
2029,9904,21.0
2030,9908,35.0
2031,9911,21.0
2032,9917,17.0
2033,9918,33.0
2034,9935,13.0
2035,9946,24.0
2036,9948,25.0
2037,9958,22.0
2038,9963,24.0
2039,9973,27.0
2040,9976,24.0
2041,9977,16.0
2042,9982,28.0
2043,9988,29.0
2044,9999,32.0
2045,10001,26.0
2046,10003,25.0
2047,10004,19.0
2048,10006,26.0
2049,10011,18.0
2050,10012,16.0
2051,10014,27.0
2052,10020,50.0
2053,10021,22.0
2054,10043,22.0
2055,10053,18.0
2056,10058,43.0
2057,10068,32.0
2058,10071,21.0
2059,10073,20.0
2060,10075,14.0
2061,10076,24.0
2062,10078,26.0
2063,10084,26.0
2064,10086,19.0
2065,10089,18.0
2066,10091,35.0
2067,10103,17.0
2068,10104,18.0
2069,10111,39.0
2070,10115,15.0
2071,10118,17.0
2072,10119,29.0
2073,10121,27.0
2074,10125,42.0
2075,10126,27.0
2076,10143,
2077,10153,22.0
2078,10162,28.0
2079,10167,21.0
2080,10169,27.0
2081,10170,21.0
2082,10172,15.0
2083,10181,19.0
2084,10185,17.0
2085,10191,14.0
2086,10210,16.0
2087,10213,23.0
2088,10235,
2089,10236,20.0
2090,10246,36.0
2091,10247,13.0
2092,10259,16.0
2093,10260,25.0
2094,10272,28.0
2095,10273,26.0
2096,10285,13.0
2097,10293,50.0
2098,10296,26.0
2099,10297,20.0
2100,10299,21.0
2101,10311,28.0
2102,10317,30.0
2103,10320,18.0
2104,10321,28.0
2105,10326,15.0
2106,10327,40.0
2107,10330,47.0
2108,10331,14.0
2109,10335,23.0
2110,10336,16.0
2111,10338,19.0
2112,10343,14.0
2113,10346,23.0
2114,10347,17.0
2115,10350,25.0
2116,10359,20.0
2117,10367,11.0
2118,10371,16.0
2119,10378,17.0
2120,10379,24.0
2121,10385,15.0
2122,10386,17.0
2123,10395,31.0
2124,10396,50.0
2125,10400,31.0
2126,10401,30.0
2127,10403,15.0
2128,10416,21.0
2129,10418,17.0
2130,10419,50.0
2131,10423,45.0
2132,10425,25.0
2133,10428,34.0
2134,10434,24.0
2135,10435,12.0
2136,10441,14.0
2137,10447,32.0
2138,10449,25.0
2139,10455,25.0
2140,10457,29.0
2141,10460,14.0
2142,10462,44.0
2143,10464,21.0
2144,10476,17.0
2145,10484,20.0
2146,10485,13.0
2147,10487,20.0
2148,10490,22.0
2149,10491,16.0
2150,10496,27.0
2151,10499,26.0
2152,10501,40.0
2153,10512,38.0
2154,10513,36.0
2155,10518,17.0
2156,10522,30.0
2157,10523,35.0
2158,10527,15.0
2159,10528,19.0
2160,10532,23.0
2161,10533,23.0
2162,10536,19.0
2163,10543,16.0
2164,10545,
2165,10546,18.0
2166,10547,22.0
2167,10551,35.0
2168,10553,19.0
2169,10559,18.0
2170,10580,34.0
2171,10581,22.0
2172,10588,34.0
2173,10590,48.0
2174,10592,17.0
2175,10597,16.0
2176,10606,19.0
2177,10619,14.0
2178,10632,30.0
2179,10640,21.0
2180,10642,23.0
2181,10647,20.0
2182,10652,23.0
2183,10657,32.0
2184,10660,14.0
2185,10679,32.0
2186,10683,46.0
2187,10691,21.0
2188,10694,25.0
2189,10704,32.0
2190,10707,22.0
2191,10716,31.0
2192,10724,35.0
2193,10745,14.0
2194,10750,19.0
2195,10757,33.0
2196,10760,21.0
2197,10763,18.0
2198,10764,16.0
2199,10765,15.0
2200,10766,21.0
2201,10774,34.0
2202,10775,18.0
2203,10788,27.0
2204,10791,34.0
2205,10797,16.0
2206,10800,21.0
2207,10805,23.0
2208,10807,28.0
2209,10812,19.0
2210,10819,28.0
2211,10822,17.0
2212,10823,31.0
2213,10827,33.0
2214,10828,23.0
2215,10832,24.0
2216,10837,35.0
2217,10840,19.0
2218,10841,22.0
2219,10852,14.0
2220,10855,21.0
2221,10862,19.0
2222,10864,15.0
2223,10865,13.0
2224,10868,25.0
2225,10869,22.0
2226,10877,35.0
2227,10878,34.0
2228,10879,24.0
2229,10883,49.0
2230,10884,21.0
2231,10893,26.0
2232,10895,30.0
2233,10900,28.0
2234,10901,25.0
2235,10906,16.0
2236,10914,21.0
2237,10917,13.0
2238,10919,29.0
2239,10921,24.0
2240,10927,34.0
2241,10936,27.0
2242,10948,16.0
2243,10951,25.0
2244,10963,17.0
2245,10965,29.0
2246,10966,44.0
2247,10967,17.0
2248,10971,14.0
2249,10979,33.0
2250,10980,24.0
2251,10982,40.0
2252,10983,15.0
2253,10985,33.0
2254,10986,36.0
2255,10995,25.0
2256,10998,
2257,11007,38.0
2258,11011,16.0
2259,11012,43.0
2260,11018,22.0
2261,11025,14.0
2262,11029,31.0
2263,11035,28.0
2264,11036,23.0
2265,11038,14.0
2266,11039,31.0
2267,11041,26.0
2268,11043,38.0
2269,11044,19.0
2270,11051,27.0
2271,11052,26.0
2272,11055,27.0
2273,11060,12.0
2274,11061,28.0
2275,11068,25.0
2276,11075,32.0
2277,11088,21.0
2278,11089,21.0
2279,11094,27.0
2280,11095,17.0
2281,11103,22.0
2282,11106,23.0
2283,11108,28.0
2284,11109,14.0
2285,11112,18.0
2286,11121,18.0
2287,11125,23.0
2288,11128,35.0
2289,11130,15.0
2290,11132,21.0
2291,11136,17.0
2292,11142,22.0
2293,11151,20.0
2294,11155,24.0
2295,11157,28.0
2296,11160,26.0
2297,11173,15.0
2298,11177,32.0
2299,11178,19.0
2300,11185,24.0
2301,11187,17.0
2302,11189,47.0
2303,11193,13.0
2304,11204,21.0
2305,11205,16.0
2306,11207,27.0
2307,11210,43.0
2308,11227,22.0
2309,11230,35.0
2310,11236,13.0
2311,11241,24.0
2312,11242,31.0
2313,11243,20.0
2314,11245,17.0
2315,11251,19.0
2316,11253,21.0
2317,11256,14.0
2318,11263,20.0
2319,11266,19.0
2320,11268,36.0
2321,11279,18.0
2322,11283,12.0
2323,11286,16.0
2324,11288,21.0
2325,11289,15.0
2326,11293,29.0
2327,11294,50.0
2328,11305,33.0
2329,11306,25.0
2330,11315,29.0
2331,11320,30.0
2332,11329,24.0
2333,11332,25.0
2334,11342,16.0
2335,11345,30.0
2336,11346,20.0
2337,11350,21.0
2338,11355,16.0
2339,11356,26.0
2340,11359,27.0
2341,11370,28.0
2342,11371,16.0
2343,11372,21.0
2344,11376,20.0
2345,11391,42.0
2346,11392,16.0
2347,11395,13.0
2348,11401,21.0
2349,11406,30.0
2350,11417,21.0
2351,11418,22.0
2352,11419,25.0
2353,11422,18.0
2354,11423,31.0
2355,11435,18.0
2356,11439,25.0
2357,11440,29.0
2358,11446,28.0
2359,11449,21.0
2360,11452,14.0
2361,11458,24.0
2362,11463,24.0
2363,11475,26.0
2364,11495,25.0
2365,11496,15.0
2366,11499,16.0
2367,11502,22.0
2368,11503,33.0
2369,11507,10.0
2370,11510,39.0
2371,11511,16.0
2372,11522,29.0
2373,11524,21.0
2374,11526,23.0
2375,11535,27.0
2376,11537,17.0
2377,11541,36.0
2378,11543,12.0
2379,11544,27.0
2380,11554,19.0
2381,11556,30.0
2382,11558,27.0
2383,11562,17.0
2384,11563,20.0
2385,11564,32.0
2386,11571,15.0
2387,11578,19.0
2388,11584,29.0
2389,11586,30.0
2390,11590,32.0
2391,11592,23.0
2392,11595,27.0
2393,11602,16.0
2394,11605,16.0
2395,11606,24.0
2396,11608,19.0
2397,11621,24.0
2398,11624,23.0
2399,11628,28.0
2400,11629,30.0
2401,11632,39.0
2402,11635,18.0
2403,11642,23.0
2404,11643,22.0
2405,11656,24.0
2406,11660,22.0
2407,11668,21.0
2408,11671,28.0
2409,11685,23.0
2410,11693,24.0
2411,11695,25.0
2412,11700,29.0
2413,11701,27.0
2414,11702,20.0
2415,11703,22.0
2416,11704,50.0
2417,11705,34.0
2418,11710,23.0
2419,11711,30.0
2420,11715,16.0
2421,11720,31.0
2422,11724,15.0
2423,11726,36.0
2424,11727,20.0
2425,11728,39.0
2426,11735,19.0
2427,11736,16.0
2428,11744,29.0
2429,11745,24.0
2430,11749,21.0
2431,11751,25.0
2432,11753,21.0
2433,11756,19.0
2434,11758,19.0
2435,11760,15.0
2436,11765,16.0
2437,11768,23.0
2438,11772,49.0
2439,11773,18.0
2440,11775,28.0
2441,11790,29.0
2442,11794,13.0
2443,11803,14.0
2444,11805,14.0
2445,11811,26.0
2446,11812,50.0
2447,11816,26.0
2448,11821,
2449,11826,16.0
2450,11829,13.0
2451,11830,28.0
2452,11840,18.0
2453,11841,28.0
2454,11846,18.0
2455,11851,23.0
2456,11852,16.0
2457,11862,46.0
2458,11866,19.0
2459,11867,14.0
2460,11868,35.0
2461,11871,18.0
2462,11876,
2463,11879,29.0
2464,11884,18.0
2465,11885,18.0
2466,11889,50.0
2467,11896,41.0
2468,11900,37.0
2469,11902,13.0
2470,11905,27.0
2471,11909,25.0
2472,11910,34.0
2473,11912,16.0
2474,11914,31.0
2475,11915,20.0
2476,11920,30.0
2477,11923,19.0
2478,11934,30.0
2479,11938,19.0
2480,11945,15.0
2481,11951,50.0
2482,11952,29.0
2483,11956,18.0
2484,11958,26.0
2485,11965,20.0
2486,11969,19.0
2487,11970,
2488,11987,29.0
2489,11989,26.0
2490,11991,14.0
2491,11992,17.0
2492,11996,15.0
2493,11997,24.0
2494,12000,30.0
2495,12007,27.0
2496,12012,15.0
2497,12014,25.0
2498,12016,37.0
2499,12024,23.0
2500,12027,21.0
2501,12028,17.0
2502,12033,27.0
2503,12040,15.0
2504,12041,40.0
2505,12042,22.0
2506,12044,29.0
2507,12046,12.0
2508,12049,20.0
2509,12054,14.0
2510,12062,21.0
2511,12063,18.0
2512,12065,13.0
2513,12071,23.0
2514,12076,12.0
2515,12077,19.0
2516,12079,24.0
2517,12085,20.0
2518,12090,31.0
2519,12091,24.0
2520,12097,22.0
2521,12102,23.0
2522,12106,23.0
2523,12108,14.0
2524,12112,17.0
2525,12115,11.0
2526,12119,23.0
2527,12124,30.0
2528,12130,31.0
2529,12132,30.0
2530,12142,26.0
2531,12143,22.0
2532,12144,11.0
2533,12150,28.0
2534,12153,25.0
2535,12155,16.0
2536,12162,17.0
2537,12163,18.0
2538,12168,24.0
2539,12174,37.0
2540,12177,25.0
2541,12178,21.0
2542,12179,44.0
2543,12180,32.0
2544,12188,30.0
2545,12192,18.0
2546,12202,15.0
2547,12204,33.0
2548,12218,17.0
2549,12222,28.0
2550,12229,12.0
2551,12231,19.0
2552,12237,15.0
2553,12248,13.0
2554,12250,33.0
2555,12258,23.0
2556,12259,20.0
2557,12269,21.0
2558,12274,34.0
2559,12275,30.0
2560,12281,18.0
2561,12283,17.0
2562,12292,14.0
2563,12293,15.0
2564,12295,18.0
2565,12296,23.0
2566,12303,18.0
2567,12318,27.0
2568,12321,21.0
2569,12324,28.0
2570,12333,30.0
2571,12338,26.0
2572,12340,15.0
2573,12341,19.0
2574,12344,34.0
2575,12352,23.0
2576,12354,11.0
2577,12357,19.0
2578,12359,18.0
2579,12361,25.0
2580,12363,19.0
2581,12367,22.0
2582,12369,30.0
2583,12370,28.0
2584,12374,34.0
2585,12385,19.0
2586,12386,18.0
2587,12387,32.0
2588,12388,23.0
2589,12394,34.0
2590,12396,25.0
2591,12399,15.0
2592,12411,24.0
2593,12414,20.0
2594,12415,20.0
2595,12433,14.0
2596,12439,22.0
2597,12445,35.0
2598,12450,19.0
2599,12452,27.0
2600,12455,14.0
2601,12461,17.0
2602,12463,40.0
2603,12464,42.0
2604,12465,15.0
2605,12473,32.0
2606,12474,36.0
2607,12481,24.0
2608,12482,16.0
2609,12490,32.0
2610,12491,43.0
2611,12494,42.0
2612,12495,18.0
2613,12498,17.0
2614,12501,36.0
2615,12502,20.0
2616,12504,47.0
2617,12505,24.0
2618,12513,50.0
2619,12515,16.0
2620,12516,14.0
2621,12531,22.0
2622,12540,20.0
2623,12542,15.0
2624,12555,17.0
2625,12560,22.0
2626,12565,21.0
2627,12566,16.0
2628,12567,20.0
2629,12580,12.0
2630,12583,19.0
2631,12588,24.0
2632,12589,20.0
2633,12592,22.0
2634,12594,16.0
2635,12595,14.0
2636,12597,13.0
2637,12599,43.0
2638,12603,29.0
2639,12607,23.0
2640,12614,34.0
2641,12622,20.0
2642,12623,38.0
2643,12631,19.0
2644,12637,22.0
2645,12641,28.0
2646,12655,24.0
2647,12661,29.0
2648,12677,13.0
2649,12683,21.0
2650,12693,17.0
2651,12714,15.0
2652,12718,13.0
2653,12724,16.0
2654,12726,17.0
2655,12727,20.0
2656,12731,32.0
2657,12733,18.0
2658,12740,21.0
2659,12752,19.0
2660,12753,27.0
2661,12760,24.0
2662,12766,27.0
2663,12771,33.0
2664,12774,16.0
2665,12777,12.0
2666,12782,23.0
2667,12786,26.0
2668,12790,13.0
2669,12800,17.0
2670,12822,22.0
2671,12823,24.0
2672,12824,50.0
2673,12825,
2674,12826,
2675,12828,21.0
2676,12836,27.0
2677,12837,15.0
2678,12842,12.0
2679,12846,13.0
2680,12849,26.0
2681,12859,20.0
2682,12871,28.0
2683,12873,38.0
2684,12876,23.0
2685,12889,23.0
2686,12890,38.0
2687,12892,35.0
2688,12901,27.0
2689,12903,40.0
2690,12904,16.0
2691,12907,20.0
2692,12911,14.0
2693,12913,29.0
2694,12916,22.0
2695,12923,29.0
2696,12933,26.0
2697,12939,15.0
2698,12942,25.0
2699,12944,24.0
2700,12947,20.0
2701,12948,50.0
2702,12958,24.0
2703,12964,21.0
2704,12972,15.0
2705,12977,23.0
2706,12980,20.0
2707,12986,17.0
2708,12991,14.0
2709,12992,32.0
2710,13004,23.0
2711,13007,15.0
2712,13018,32.0
2713,13021,14.0
2714,13023,28.0
2715,13032,30.0
2716,13033,11.0
2717,13035,16.0
2718,13038,20.0
2719,13048,41.0
2720,13054,17.0
2721,13065,21.0
2722,13074,14.0
2723,13079,19.0
2724,13085,22.0
2725,13090,18.0
2726,13093,
2727,13097,13.0
2728,13110,
2729,13114,24.0
2730,13121,14.0
2731,13124,19.0
2732,13133,35.0
2733,13142,19.0
2734,13146,25.0
2735,13149,19.0
2736,13151,25.0
2737,13153,20.0
2738,13154,32.0
2739,13156,20.0
2740,13163,25.0
2741,13164,50.0
2742,13179,20.0
2743,13182,50.0
2744,13183,22.0
2745,13197,34.0
2746,13198,15.0
2747,13200,23.0
2748,13212,20.0
2749,13219,30.0
2750,13227,17.0
2751,13229,27.0
2752,13233,19.0
2753,13237,20.0
2754,13238,21.0
2755,13247,26.0
2756,13249,22.0
2757,13251,21.0
2758,13262,20.0
2759,13264,20.0
2760,13265,19.0
2761,13266,21.0
2762,13267,19.0
2763,13270,24.0
2764,13275,24.0
2765,13281,29.0
2766,13284,33.0
2767,13289,18.0
2768,13291,20.0
2769,13299,16.0
2770,13307,22.0
2771,13309,27.0
2772,13311,34.0
2773,13328,13.0
2774,13339,41.0
2775,13342,16.0
2776,13347,23.0
2777,13361,13.0
2778,13367,50.0
2779,13374,15.0
2780,13376,22.0
2781,13388,29.0
2782,13395,18.0
2783,13396,21.0
2784,13397,33.0
2785,13398,36.0
2786,13401,14.0
2787,13405,29.0
2788,13406,33.0
2789,13409,29.0
2790,13410,33.0
2791,13411,15.0
2792,13415,32.0
2793,13419,43.0
2794,13424,34.0
2795,13426,31.0
2796,13429,23.0
2797,13432,19.0
2798,13435,23.0
2799,13448,27.0
2800,13455,19.0
2801,13456,16.0
2802,13459,25.0
2803,13461,20.0
2804,13466,12.0
2805,13468,14.0
2806,13473,15.0
2807,13477,47.0
2808,13490,16.0
2809,13493,36.0
2810,13494,50.0
2811,13498,20.0
2812,13501,36.0
2813,13505,19.0
2814,13511,32.0
2815,13512,12.0
2816,13520,22.0
2817,13525,26.0
2818,13529,37.0
2819,13537,19.0
2820,13539,14.0
2821,13550,19.0
2822,13553,23.0
2823,13554,23.0
2824,13561,18.0
2825,13562,16.0
2826,13563,22.0
2827,13566,13.0
2828,13584,17.0
2829,13592,30.0
2830,13600,13.0
2831,13617,21.0
2832,13619,33.0
2833,13624,17.0
2834,13628,31.0
2835,13636,24.0
2836,13637,27.0
2837,13638,23.0
2838,13642,29.0
2839,13646,15.0
2840,13658,14.0
2841,13664,24.0
2842,13666,16.0
2843,13671,19.0
2844,13674,28.0
2845,13689,25.0
2846,13696,27.0
2847,13699,19.0
2848,13700,30.0
2849,13701,24.0
2850,13705,11.0
2851,13710,20.0
2852,13711,25.0
2853,13717,22.0
2854,13718,25.0
2855,13720,18.0
2856,13721,46.0
2857,13728,16.0
2858,13734,15.0
2859,13744,33.0
2860,13752,27.0
2861,13760,18.0
2862,13766,28.0
2863,13768,16.0
2864,13769,27.0
2865,13787,28.0
2866,13795,10.0
2867,13799,18.0
2868,13812,30.0
2869,13816,14.0
2870,13837,18.0
2871,13839,19.0
2872,13840,34.0
2873,13843,21.0
2874,13856,18.0
2875,13860,22.0
2876,13861,26.0
2877,13862,21.0
2878,13867,17.0
2879,13874,28.0
2880,13877,17.0
2881,13882,50.0
2882,13883,28.0
2883,13887,31.0
2884,13889,50.0
2885,13899,23.0
2886,13902,29.0
2887,13909,24.0
2888,13914,23.0
2889,13916,17.0
2890,13918,21.0
2891,13919,21.0
2892,13920,22.0
2893,13930,18.0
2894,13936,23.0
2895,13946,16.0
2896,13956,15.0
2897,13962,24.0
2898,13968,22.0
2899,13969,14.0
2900,13978,24.0
2901,13984,19.0
2902,13988,17.0
2903,13990,15.0
2904,13994,38.0
2905,13995,17.0
2906,13997,29.0
2907,14007,22.0
2908,14008,22.0
2909,14017,14.0
2910,14021,31.0
2911,14025,22.0
2912,14028,23.0
2913,14029,22.0
2914,14035,23.0
2915,14036,45.0
2916,14037,23.0
2917,14041,23.0
2918,14042,19.0
2919,14045,34.0
2920,14049,12.0
2921,14054,22.0
2922,14074,19.0
2923,14076,23.0
2924,14078,50.0
2925,14085,30.0
2926,14088,36.0
2927,14091,19.0
2928,14097,17.0
2929,14100,23.0
2930,14108,29.0
2931,14122,10.0
2932,14125,38.0
2933,14126,26.0
2934,14127,19.0
2935,14131,27.0
2936,14132,14.0
2937,14134,38.0
2938,14137,35.0
2939,14141,23.0
2940,14144,13.0
2941,14151,30.0
2942,14155,13.0
2943,14157,23.0
2944,14165,36.0
2945,14173,21.0
2946,14177,23.0
2947,14178,12.0
2948,14180,33.0
2949,14181,10.0
2950,14187,50.0
2951,14188,28.0
2952,14199,35.0
2953,14206,50.0
2954,14207,24.0
2955,14209,18.0
2956,14211,20.0
2957,14214,15.0
2958,14218,21.0
2959,14221,23.0
2960,14227,15.0
2961,14238,24.0
2962,14240,11.0
2963,14251,30.0
2964,14252,32.0
2965,14254,23.0
2966,14255,22.0
2967,14258,24.0
2968,14263,18.0
2969,14265,22.0
2970,14267,29.0
2971,14270,32.0
2972,14274,29.0
2973,14276,22.0
2974,14277,14.0
2975,14278,20.0
2976,14284,18.0
2977,14288,36.0
2978,14289,16.0
2979,14297,25.0
2980,14305,22.0
2981,14306,36.0
2982,14307,15.0
2983,14311,29.0
2984,14315,21.0
2985,14322,18.0
2986,14323,18.0
2987,14324,25.0
2988,14345,
2989,14352,30.0
2990,14353,19.0
2991,14359,20.0
2992,14362,24.0
2993,14369,21.0
2994,14370,36.0
2995,14373,15.0
2996,14375,19.0
2997,14389,
2998,14390,26.0
2999,14391,43.0
3000,14395,22.0
3001,14396,20.0
3002,14402,35.0
3003,14406,19.0
3004,14409,18.0
3005,14410,20.0
3006,14413,31.0
3007,14416,16.0
3008,14420,17.0
3009,14429,23.0
3010,14430,12.0
3011,14437,13.0
3012,14440,20.0
3013,14452,28.0
3014,14464,18.0
3015,14469,14.0
3016,14472,24.0
3017,14484,28.0
3018,14488,19.0
3019,14491,18.0
3020,14492,26.0
3021,14498,22.0
3022,14510,30.0
3023,14512,26.0
3024,14517,18.0
3025,14518,37.0
3026,14525,30.0
3027,14527,16.0
3028,14530,16.0
3029,14532,18.0
3030,14536,35.0
3031,14537,27.0
3032,14540,16.0
3033,14548,14.0
3034,14554,26.0
3035,14561,30.0
3036,14570,35.0
3037,14573,24.0
3038,14574,26.0
3039,14583,30.0
3040,14585,16.0
3041,14586,28.0
3042,14588,16.0
3043,14592,29.0
3044,14599,24.0
3045,14606,25.0
3046,14611,14.0
3047,14612,19.0
3048,14615,32.0
3049,14621,15.0
3050,14622,21.0
3051,14623,20.0
3052,14629,39.0
3053,14637,16.0
3054,14640,16.0
3055,14643,26.0
3056,14653,31.0
3057,14659,23.0
3058,14661,18.0
3059,14665,24.0
3060,14666,25.0
3061,14675,17.0
3062,14681,16.0
3063,14684,27.0
3064,14685,24.0
3065,14686,21.0
3066,14688,19.0
3067,14691,17.0
3068,14693,50.0
3069,14697,17.0
3070,14704,16.0
3071,14712,40.0
3072,14715,27.0
3073,14728,18.0
3074,14733,27.0
3075,14734,50.0
3076,14736,20.0
3077,14744,37.0
3078,14746,13.0
3079,14747,13.0
3080,14750,13.0
3081,14751,20.0
3082,14752,18.0
3083,14754,45.0
3084,14762,18.0
3085,14765,27.0
3086,14772,19.0
3087,14775,48.0
3088,14776,17.0
3089,14780,12.0
3090,14786,18.0
3091,14787,22.0
3092,14792,25.0
3093,14793,19.0
3094,14798,18.0
3095,14801,12.0
3096,14803,37.0
3097,14811,40.0
3098,14819,28.0
3099,14827,28.0
3100,14835,30.0
3101,14841,24.0
3102,14842,34.0
3103,14848,17.0
3104,14854,16.0
3105,14856,22.0
3106,14865,16.0
3107,14875,18.0
3108,14878,50.0
3109,14880,24.0
3110,14889,14.0
3111,14892,12.0
3112,14895,50.0
3113,14896,25.0
3114,14899,14.0
3115,14907,24.0
3116,14912,20.0
3117,14913,15.0
3118,14915,25.0
3119,14919,13.0
3120,14922,13.0
3121,14940,25.0
3122,14943,50.0
3123,14948,37.0
3124,14956,26.0
3125,14963,13.0
3126,14969,15.0
3127,14978,29.0
3128,14979,32.0
3129,14988,17.0
3130,14989,28.0
3131,14998,23.0
3132,14999,30.0
3133,15003,24.0
3134,15005,13.0
3135,15007,16.0
3136,15009,24.0
3137,15011,27.0
3138,15021,20.0
3139,15028,30.0
3140,15030,19.0
3141,15045,15.0
3142,15056,10.0
3143,15058,18.0
3144,15060,13.0
3145,15063,23.0
3146,15068,24.0
3147,15073,
3148,15074,16.0
3149,15076,21.0
3150,15084,25.0
3151,15089,15.0
3152,15090,28.0
3153,15096,19.0
3154,15099,12.0
3155,15111,50.0
3156,15112,10.0
3157,15117,27.0
3158,15123,44.0
3159,15125,21.0
3160,15127,27.0
3161,15128,34.0
3162,15132,31.0
3163,15139,15.0
3164,15144,16.0
3165,15152,17.0
3166,15162,39.0
3167,15163,37.0
3168,15165,18.0
3169,15168,34.0
3170,15171,41.0
3171,15173,20.0
3172,15174,33.0
3173,15176,20.0
3174,15183,17.0
3175,15189,30.0
3176,15194,41.0
3177,15195,26.0
3178,15204,30.0
3179,15224,32.0
3180,15228,18.0
3181,15231,21.0
3182,15241,31.0
3183,15250,36.0
3184,15251,41.0
3185,15252,35.0
3186,15253,27.0
3187,15254,26.0
3188,15261,24.0
3189,15264,16.0
3190,15270,23.0
3191,15271,50.0
3192,15272,20.0
3193,15276,36.0
3194,15281,22.0
3195,15283,16.0
3196,15286,19.0
3197,15297,26.0
3198,15300,18.0
3199,15304,23.0
3200,15310,16.0
3201,15315,21.0
3202,15324,41.0
3203,15340,24.0
3204,15355,15.0
3205,15359,50.0
3206,15366,15.0
3207,15367,23.0
3208,15371,38.0
3209,15374,16.0
3210,15378,28.0
3211,15382,20.0
3212,15388,
3213,15412,28.0
3214,15416,34.0
3215,15422,21.0
3216,15425,
3217,15434,36.0
3218,15447,25.0
3219,15451,23.0
3220,15452,22.0
3221,15457,46.0
3222,15459,21.0
3223,15460,19.0
3224,15468,13.0
3225,15470,50.0
3226,15472,17.0
3227,15475,24.0
3228,15481,32.0
3229,15482,40.0
3230,15491,25.0
3231,15494,27.0
3232,15510,27.0
3233,15511,17.0
3234,15513,15.0
3235,15514,15.0
3236,15526,28.0
3237,15528,28.0
3238,15529,32.0
3239,15534,37.0
3240,15539,17.0
3241,15542,21.0
3242,15544,22.0
3243,15562,12.0
3244,15565,26.0
3245,15574,18.0
3246,15576,18.0
3247,15577,16.0
3248,15583,23.0
3249,15584,17.0
3250,15593,12.0
3251,15603,10.0
3252,15604,50.0
3253,15615,30.0
3254,15618,17.0
3255,15623,27.0
3256,15627,21.0
3257,15630,27.0
3258,15636,12.0
3259,15637,13.0
3260,15643,45.0
3261,15648,19.0
3262,15650,44.0
3263,15659,25.0
3264,15662,17.0
3265,15668,16.0
3266,15671,17.0
3267,15675,22.0
3268,15680,34.0
3269,15681,33.0
3270,15682,16.0
3271,15684,25.0
3272,15691,19.0
3273,15699,13.0
3274,15707,37.0
3275,15713,16.0
3276,15715,22.0
3277,15717,18.0
3278,15721,31.0
3279,15744,11.0
3280,15760,29.0
3281,15761,25.0
3282,15766,32.0
3283,15773,13.0
3284,15782,27.0
3285,15786,17.0
3286,15797,14.0
3287,15799,19.0
3288,15800,25.0
3289,15804,17.0
3290,15813,29.0
3291,15819,24.0
3292,15821,14.0
3293,15829,14.0
3294,15830,16.0
3295,15836,14.0
3296,15841,34.0
3297,15851,18.0
3298,15854,22.0
3299,15855,17.0
3300,15860,19.0
3301,15879,22.0
3302,15883,22.0
3303,15885,25.0
3304,15887,21.0
3305,15899,18.0
3306,15902,19.0
3307,15903,17.0
3308,15904,24.0
3309,15911,23.0
3310,15924,19.0
3311,15929,23.0
3312,15931,18.0
3313,15933,30.0
3314,15941,32.0
3315,15948,20.0
3316,15949,18.0
3317,15953,16.0
3318,15961,19.0
3319,15963,19.0
3320,15971,27.0
3321,15977,18.0
3322,15985,23.0
3323,15986,13.0
3324,16011,31.0
3325,16019,33.0
3326,16026,29.0
3327,16027,18.0
3328,16028,24.0
3329,16031,28.0
3330,16034,23.0
3331,16038,18.0
3332,16045,13.0
3333,16067,13.0
3334,16069,19.0
3335,16073,50.0
3336,16074,31.0
3337,16077,37.0
3338,16095,20.0
3339,16097,19.0
3340,16098,13.0
3341,16099,32.0
3342,16104,18.0
3343,16105,14.0
3344,16111,21.0
3345,16117,10.0
3346,16120,31.0
3347,16131,15.0
3348,16132,20.0
3349,16143,25.0
3350,16145,17.0
3351,16146,39.0
3352,16148,28.0
3353,16151,18.0
3354,16152,19.0
3355,16155,16.0
3356,16165,34.0
3357,16166,
3358,16172,29.0
3359,16175,18.0
3360,16182,19.0
3361,16183,12.0
3362,16184,24.0
3363,16192,14.0
3364,16194,13.0
3365,16200,40.0
3366,16245,21.0
3367,16247,30.0
3368,16248,23.0
3369,16252,14.0
3370,16254,26.0
3371,16255,19.0
3372,16256,17.0
3373,16257,24.0
3374,16258,17.0
3375,16262,15.0
3376,16266,17.0
3377,16281,27.0
3378,16282,24.0
3379,16283,18.0
3380,16285,45.0
3381,16293,31.0
3382,16298,39.0
3383,16315,19.0
3384,16316,12.0
3385,16318,27.0
3386,16324,35.0
3387,16328,30.0
3388,16331,28.0
3389,16341,22.0
3390,16357,33.0
3391,16363,24.0
3392,16366,19.0
3393,16372,26.0
3394,16375,22.0
3395,16377,13.0
3396,16378,18.0
3397,16380,18.0
3398,16382,16.0
3399,16385,14.0
3400,16394,20.0
3401,16395,26.0
3402,16396,50.0
3403,16400,34.0
3404,16402,18.0
3405,16404,26.0
3406,16407,35.0
3407,16412,19.0
3408,16413,17.0
3409,16414,21.0
3410,16415,26.0
3411,16418,13.0
3412,16420,23.0
3413,16430,50.0
3414,16431,10.0
3415,16436,20.0
3416,16437,27.0
3417,16440,23.0
3418,16441,22.0
3419,16442,17.0
3420,16447,27.0
3421,16470,25.0
3422,16473,28.0
3423,16474,19.0
3424,16476,22.0
3425,16477,14.0
3426,16489,20.0
3427,16493,46.0
3428,16500,24.0
3429,16501,35.0
3430,16503,12.0
3431,16504,11.0
3432,16507,46.0
3433,16512,26.0
3434,16523,16.0
3435,16524,18.0
3436,16527,29.0
3437,16530,16.0
3438,16535,18.0
3439,16536,20.0
3440,16542,37.0
3441,16544,13.0
3442,16546,19.0
3443,16549,19.0
3444,16557,23.0
3445,16560,18.0
3446,16581,19.0
3447,16583,24.0
3448,16590,17.0
3449,16600,17.0
3450,16603,19.0
